season,teamId,abbr,coachName,coachNFLID
1969,200,ATL,Norm Van Brocklin,2527838
1969,2200,BAL,Don Shula,2525567
1969,3200,BOS,Clive Rush,2524687
1969,610,BUF,John Rauch,2523780
1969,810,CHI,Jim Dooley,2513063
1969,920,CIN,Paul Brown,2510417
1969,1050,CLE,Blanton Collier,2511761
1969,1200,DAL,Tom Landry,2519030
1969,1400,DEN,Lou Saban,2524770
1969,1540,DET,Joe Schmidt,2525061
1969,1800,GB,Phil Bengtson,2509400
1969,2100,HOU,Wally Lemm,2519336
1969,2310,KC,Hank Stram,2526680
1969,2510,LA,George Allen,2508371
1969,2700,MIA,George Wilson,2529113
1969,3000,MIN,Bud Grant,2515188
1969,3300,NO,Tom Fears,2513888
1969,3410,NYG,Alex Webster,2528431
1969,3430,NYJ,Weeb Ewbank,2513777
1969,2520,OAK,John Madden,2519943
1969,3700,PHI,Jerry Williams,2528945
1969,3900,PIT,Chuck Noll,2522215
1969,4400,SD,Sid Gillman,2514897
1969,4500,SF,Dick Nolan,2522211
1969,3800,STL,Charley Winner,2529210
1969,5110,WAS,Vince Lombardi,2519658
1970,200,ATL,Norm Van Brocklin,2527838
1970,2200,BAL,Don McCafferty,2520490
1970,3200,BOS,Johnny Mazur,2520448
1970,610,BUF,John Rauch,2523780
1970,810,CHI,Jim Dooley,2513063
1970,920,CIN,Paul Brown,2510417
1970,1050,CLE,Blanton Collier,2511761
1970,1200,DAL,Tom Landry,2519030
1970,1400,DEN,Lou Saban,2524770
1970,1540,DET,Joe Schmidt,2525061
1970,1800,GB,Phil Bengtson,2509400
1970,2100,HOU,Wally Lemm,2519336
1970,2310,KC,Hank Stram,2526680
1970,2510,LA,George Allen,2508371
1970,2700,MIA,Don Shula,2525567
1970,3000,MIN,Bud Grant,2515188
1970,3300,NO,Tom Fears,2513888
1970,3410,NYG,Alex Webster,2528431
1970,3430,NYJ,Weeb Ewbank,2513777
1970,2520,OAK,John Madden,2519943
1970,3700,PHI,Jerry Williams,2528945
1970,3900,PIT,Chuck Noll,2522215
1970,4400,SD,Charles Waller,2528155
1970,4500,SF,Dick Nolan,2522211
1970,3800,STL,Charley Winner,2529210
1970,5110,WAS,Bill Austin,2508762
1971,200,ATL,Norm Van Brocklin,2527838
1971,2200,BAL,Don McCafferty,2520490
1971,610,BUF,Harvey Johnson,2517648
1971,810,CHI,Jim Dooley,2513063
1971,920,CIN,Paul Brown,2510417
1971,1050,CLE,Nick Skorich,2525792
1971,1200,DAL,Tom Landry,2519030
1971,1400,DEN,Lou Saban,2524770
1971,1540,DET,Joe Schmidt,2525061
1971,1800,GB,Dan Devine,2512862
1971,2100,HOU,Ed Hughes,2516992
1971,2310,KC,Hank Stram,2526680
1971,2510,LA,Tommy Prothro,2523565
1971,2700,MIA,Don Shula,2525567
1971,3000,MIN,Bud Grant,2515188
1971,3200,NE,Johnny Mazur,2520448
1971,3300,NO,J.D. Roberts,2524279
1971,3410,NYG,Alex Webster,2528431
1971,3430,NYJ,Weeb Ewbank,2513777
1971,2520,OAK,John Madden,2519943
1971,3700,PHI,Ed Khayat,2518409
1971,3900,PIT,Chuck Noll,2522215
1971,4400,SD,Sid Gillman,2514897
1971,4500,SF,Dick Nolan,2522211
1971,3800,STL,Bob Hollway,2516715
1971,5110,WAS,George Allen,2508371
1972,200,ATL,Norm Van Brocklin,2527838
1972,2200,BAL,Don McCafferty,2520490
1972,610,BUF,Lou Saban,2524770
1972,810,CHI,Abe Gibron,2514823
1972,920,CIN,Paul Brown,2510417
1972,1050,CLE,Nick Skorich,2525792
1972,1200,DAL,Tom Landry,2519030
1972,1400,DEN,John Ralston,2523710
1972,1540,DET,Joe Schmidt,2525061
1972,1800,GB,Dan Devine,2512862
1972,2100,HOU,Bill Peterson,2523106
1972,2310,KC,Hank Stram,2526680
1972,2510,LA,Tommy Prothro,2523565
1972,2700,MIA,Don Shula,2525567
1972,3000,MIN,Bud Grant,2515188
1972,3200,NE,Phil Bengtson,2509400
1972,3300,NO,J.D. Roberts,2524279
1972,3410,NYG,Alex Webster,2528431
1972,3430,NYJ,Weeb Ewbank,2513777
1972,2520,OAK,John Madden,2519943
1972,3700,PHI,Ed Khayat,2518409
1972,3900,PIT,Chuck Noll,2522215
1972,4400,SD,Harland Svare,2526871
1972,4500,SF,Dick Nolan,2522211
1972,3800,STL,Bob Hollway,2516715
1972,5110,WAS,George Allen,2508371
1973,200,ATL,Norm Van Brocklin,2527838
1973,2200,BAL,Howard Schnellenberger,2525089
1973,610,BUF,Lou Saban,2524770
1973,810,CHI,Abe Gibron,2514823
1973,920,CIN,Paul Brown,2510417
1973,1050,CLE,Nick Skorich,2525792
1973,1200,DAL,Tom Landry,2519030
1973,1400,DEN,John Ralston,2523710
1973,1540,DET,Don McCafferty,2520490
1973,1800,GB,Dan Devine,2512862
1973,2100,HOU,Sid Gillman,2514897
1973,2310,KC,Hank Stram,2526680
1973,2510,LA,Chuck Knox,2518657
1973,2700,MIA,Don Shula,2525567
1973,3000,MIN,Bud Grant,2515188
1973,3200,NE,Chuck Fairbanks,2513795
1973,3300,NO,John North,2522264
1973,3410,NYG,Alex Webster,2528431
1973,3430,NYJ,Weeb Ewbank,2513777
1973,2520,OAK,John Madden,2519943
1973,3700,PHI,Mike McCormack,2520594
1973,3900,PIT,Chuck Noll,2522215
1973,4400,SD,Harland Svare,2526871
1973,4500,SF,Dick Nolan,2522211
1973,3800,STL,Don Coryell,2512027
1973,5110,WAS,George Allen,2508371
1974,200,ATL,Marion Campbell,2510970
1974,2200,BAL,Howard Schnellenberger,2525089
1974,610,BUF,Lou Saban,2524770
1974,810,CHI,Abe Gibron,2514823
1974,920,CIN,Paul Brown,2510417
1974,1050,CLE,Nick Skorich,2525792
1974,1200,DAL,Tom Landry,2519030
1974,1400,DEN,John Ralston,2523710
1974,1540,DET,Rick Forzano,2514270
1974,1800,GB,Dan Devine,2512862
1974,2100,HOU,Sid Gillman,2514897
1974,2310,KC,Hank Stram,2526680
1974,2510,LA,Chuck Knox,2518657
1974,2700,MIA,Don Shula,2525567
1974,3000,MIN,Bud Grant,2515188
1974,3200,NE,Chuck Fairbanks,2513795
1974,3300,NO,John North,2522264
1974,3410,NYG,Bill Arnsparger,2508667
1974,3430,NYJ,Charley Winner,2529210
1974,2520,OAK,John Madden,2519943
1974,3700,PHI,Mike McCormack,2520594
1974,3900,PIT,Chuck Noll,2522215
1974,4400,SD,Tommy Prothro,2523565
1974,4500,SF,Dick Nolan,2522211
1974,3800,STL,Don Coryell,2512027
1974,5110,WAS,George Allen,2508371
1975,200,ATL,Marion Campbell,2510970
1975,2200,BAL,Ted Marchibroda,2520120
1975,610,BUF,Lou Saban,2524770
1975,810,CHI,Jack Pardee,2522715
1975,920,CIN,Paul Brown,2510417
1975,1050,CLE,Forrest Gregg,2515340
1975,1200,DAL,Tom Landry,2519030
1975,1400,DEN,John Ralston,2523710
1975,1540,DET,Rick Forzano,2514270
1975,1800,GB,Bart Starr,2526406
1975,2100,HOU,Bum Phillips,2523180
1975,2310,KC,Paul Wiggin,2528773
1975,2510,LA,Chuck Knox,2518657
1975,2700,MIA,Don Shula,2525567
1975,3000,MIN,Bud Grant,2515188
1975,3200,NE,Chuck Fairbanks,2513795
1975,3300,NO,Ernie Hefferle,2516237
1975,3410,NYG,Bill Arnsparger,2508667
1975,3430,NYJ,Ken Shipp,2525515
1975,2520,OAK,John Madden,2519943
1975,3700,PHI,Mike McCormack,2520594
1975,3900,PIT,Chuck Noll,2522215
1975,4400,SD,Tommy Prothro,2523565
1975,4500,SF,Dick Nolan,2522211
1975,3800,STL,Don Coryell,2512027
1975,5110,WAS,George Allen,2508371
1976,200,ATL,Marion Campbell,2510970
1976,2200,BAL,Ted Marchibroda,2520120
1976,610,BUF,Jim Ringo,2524202
1976,810,CHI,Jack Pardee,2522715
1976,920,CIN,Bill Johnson,2517782
1976,1050,CLE,Forrest Gregg,2515340
1976,1200,DAL,Tom Landry,2519030
1976,1400,DEN,John Ralston,2523710
1976,1540,DET,Rick Forzano,2514270
1976,1800,GB,Bart Starr,2526406
1976,2100,HOU,Bum Phillips,2523180
1976,2310,KC,Paul Wiggin,2528773
1976,2510,LA,Chuck Knox,2518657
1976,2700,MIA,Don Shula,2525567
1976,3000,MIN,Bud Grant,2515188
1976,3200,NE,Chuck Fairbanks,2513795
1976,3300,NO,Hank Stram,2526680
1976,3410,NYG,Bill Arnsparger,2508667
1976,3430,NYJ,Mike Holovak,2516746
1976,2520,OAK,John Madden,2519943
1976,3700,PHI,Dick Vermeil,2527943
1976,3900,PIT,Chuck Noll,2522215
1976,4400,SD,Tommy Prothro,2523565
1976,4600,SEA,Jack Patera,2522834
1976,4500,SF,Monte Clark,2511561
1976,3800,STL,Don Coryell,2512027
1976,4900,TB,John McKay,2520808
1976,5110,WAS,George Allen,2508371
1977,200,ATL,Leeman Bennett,2509421
1977,2200,BAL,Ted Marchibroda,2520120
1977,610,BUF,Jim Ringo,2524202
1977,810,CHI,Jack Pardee,2522715
1977,920,CIN,Bill Johnson,2517782
1977,1050,CLE,Forrest Gregg,2515340
1977,1200,DAL,Tom Landry,2519030
1977,1400,DEN,Red Miller,2521249
1977,1540,DET,Tommy Hudspeth,2516959
1977,1800,GB,Bart Starr,2526406
1977,2100,HOU,Bum Phillips,2523180
1977,2310,KC,Tom Bettis,2509554
1977,2510,LA,Chuck Knox,2518657
1977,2700,MIA,Don Shula,2525567
1977,3000,MIN,Bud Grant,2515188
1977,3200,NE,Chuck Fairbanks,2513795
1977,3300,NO,Hank Stram,2526680
1977,3410,NYG,John McVay,2520955
1977,3430,NYJ,Walt Michaels,2521113
1977,2520,OAK,John Madden,2519943
1977,3700,PHI,Dick Vermeil,2527943
1977,3900,PIT,Chuck Noll,2522215
1977,4400,SD,Tommy Prothro,2523565
1977,4600,SEA,Jack Patera,2522834
1977,4500,SF,Ken Meyer,2521095
1977,3800,STL,Don Coryell,2512027
1977,4900,TB,John McKay,2520808
1977,5110,WAS,George Allen,2508371
1978,200,ATL,Leeman Bennett,2509421
1978,2200,BAL,Ted Marchibroda,2520120
1978,610,BUF,Chuck Knox,2518657
1978,810,CHI,Neill Armstrong,2508640
1978,920,CIN,Bill Johnson,2517782
1978,1050,CLE,Sam Rutigliano,2524730
1978,1200,DAL,Tom Landry,2519030
1978,1400,DEN,Red Miller,2521249
1978,1540,DET,Monte Clark,2511561
1978,1800,GB,Bart Starr,2526406
1978,2100,HOU,Bum Phillips,2523180
1978,2310,KC,Marv Levy,2519407
1978,2510,LA,Ray Malavasi,2520012
1978,2700,MIA,Don Shula,2525567
1978,3000,MIN,Bud Grant,2515188
1978,3200,NE,Hank Bullough,2510645
1978,3300,NO,Dick Nolan,2522211
1978,3410,NYG,John McVay,2520955
1978,3430,NYJ,Walt Michaels,2521113
1978,2520,OAK,John Madden,2519943
1978,3700,PHI,Dick Vermeil,2527943
1978,3900,PIT,Chuck Noll,2522215
1978,4400,SD,Don Coryell,2512027
1978,4600,SEA,Jack Patera,2522834
1978,4500,SF,Pete McCulley,2520630
1978,3800,STL,Bud Wilkinson,2528820
1978,4900,TB,John McKay,2520808
1978,5110,WAS,Jack Pardee,2522715
1979,200,ATL,Leeman Bennett,2509421
1979,2200,BAL,Ted Marchibroda,2520120
1979,610,BUF,Chuck Knox,2518657
1979,810,CHI,Neill Armstrong,2508640
1979,920,CIN,Homer Rice,2524061
1979,1050,CLE,Sam Rutigliano,2524730
1979,1200,DAL,Tom Landry,2519030
1979,1400,DEN,Red Miller,2521249
1979,1540,DET,Monte Clark,2511561
1979,1800,GB,Bart Starr,2526406
1979,2100,HOU,Bum Phillips,2523180
1979,2310,KC,Marv Levy,2519407
1979,2510,LA,Ray Malavasi,2520012
1979,2700,MIA,Don Shula,2525567
1979,3000,MIN,Bud Grant,2515188
1979,3200,NE,Ron Erhardt,2513673
1979,3300,NO,Dick Nolan,2522211
1979,3410,NYG,Ray Perkins,2523020
1979,3430,NYJ,Walt Michaels,2521113
1979,2520,OAK,Tom Flores,2514157
1979,3700,PHI,Dick Vermeil,2527943
1979,3900,PIT,Chuck Noll,2522215
1979,4400,SD,Don Coryell,2512027
1979,4600,SEA,Jack Patera,2522834
1979,4500,SF,Bill Walsh,2528174
1979,3800,STL,Bud Wilkinson,2528820
1979,4900,TB,John McKay,2520808
1979,5110,WAS,Jack Pardee,2522715
1980,200,ATL,Leeman Bennett,2509421
1980,2200,BAL,Mike McCormack,2520594
1980,610,BUF,Chuck Knox,2518657
1980,810,CHI,Neill Armstrong,2508640
1980,920,CIN,Forrest Gregg,2515340
1980,1050,CLE,Sam Rutigliano,2524730
1980,1200,DAL,Tom Landry,2519030
1980,1400,DEN,Red Miller,2521249
1980,1540,DET,Monte Clark,2511561
1980,1800,GB,Bart Starr,2526406
1980,2100,HOU,Bum Phillips,2523180
1980,2310,KC,Marv Levy,2519407
1980,2510,LA,Ray Malavasi,2520012
1980,2700,MIA,Don Shula,2525567
1980,3000,MIN,Bud Grant,2515188
1980,3200,NE,Ron Erhardt,2513673
1980,3300,NO,Dick Nolan,2522211
1980,3410,NYG,Ray Perkins,2523020
1980,3430,NYJ,Walt Michaels,2521113
1980,2520,OAK,Tom Flores,2514157
1980,3700,PHI,Dick Vermeil,2527943
1980,3900,PIT,Chuck Noll,2522215
1980,4400,SD,Don Coryell,2512027
1980,4600,SEA,Jack Patera,2522834
1980,4500,SF,Bill Walsh,2528174
1980,3800,STL,Jim Hanifan,2515739
1980,4900,TB,John McKay,2520808
1980,5110,WAS,Jack Pardee,2522715
1981,200,ATL,Leeman Bennett,2509421
1981,2200,BAL,Mike McCormack,2520594
1981,610,BUF,Chuck Knox,2518657
1981,810,CHI,Neill Armstrong,2508640
1981,920,CIN,Forrest Gregg,2515340
1981,1050,CLE,Sam Rutigliano,2524730
1981,1200,DAL,Tom Landry,2519030
1981,1400,DEN,Dan Reeves,2523900
1981,1540,DET,Monte Clark,2511561
1981,1800,GB,Bart Starr,2526406
1981,2100,HOU,Ed Biles,2509599
1981,2310,KC,Marv Levy,2519407
1981,2510,LA,Ray Malavasi,2520012
1981,2700,MIA,Don Shula,2525567
1981,3000,MIN,Bud Grant,2515188
1981,3200,NE,Ron Erhardt,2513673
1981,3300,NO,Bum Phillips,2523180
1981,3410,NYG,Ray Perkins,2523020
1981,3430,NYJ,Walt Michaels,2521113
1981,2520,OAK,Tom Flores,2514157
1981,3700,PHI,Dick Vermeil,2527943
1981,3900,PIT,Chuck Noll,2522215
1981,4400,SD,Don Coryell,2512027
1981,4600,SEA,Jack Patera,2522834
1981,4500,SF,Bill Walsh,2528174
1981,3800,STL,Jim Hanifan,2515739
1981,4900,TB,John McKay,2520808
1981,5110,WAS,Joe Gibbs,2514813
1982,200,ATL,Leeman Bennett,2509421
1982,2200,BAL,Frank Kush,2518922
1982,610,BUF,Chuck Knox,2518657
1982,810,CHI,Mike Ditka,2512966
1982,920,CIN,Forrest Gregg,2515340
1982,1050,CLE,Sam Rutigliano,2524730
1982,1200,DAL,Tom Landry,2519030
1982,1400,DEN,Dan Reeves,2523900
1982,1540,DET,Monte Clark,2511561
1982,1800,GB,Bart Starr,2526406
1982,2100,HOU,Ed Biles,2509599
1982,2310,KC,Marv Levy,2519407
1982,2700,MIA,Don Shula,2525567
1982,3000,MIN,Bud Grant,2515188
1982,3200,NE,Ron Meyer,2521097
1982,3300,NO,Bum Phillips,2523180
1982,3410,NYG,Ray Perkins,2523020
1982,3430,NYJ,Walt Michaels,2521113
1982,3700,PHI,Dick Vermeil,2527943
1982,3900,PIT,Chuck Noll,2522215
1982,2520,RAI,Tom Flores,2514157
1982,2510,RAM,Ray Malavasi,2520012
1982,4400,SD,Don Coryell,2512027
1982,4600,SEA,Mike McCormack,2520594
1982,4500,SF,Bill Walsh,2528174
1982,3800,STL,Jim Hanifan,2515739
1982,4900,TB,John McKay,2520808
1982,5110,WAS,Joe Gibbs,2514813
1983,200,ATL,Dan Henning,2516338
1983,2200,BAL,Frank Kush,2518922
1983,610,BUF,Kay Stephenson,2526505
1983,810,CHI,Mike Ditka,2512966
1983,920,CIN,Forrest Gregg,2515340
1983,1050,CLE,Sam Rutigliano,2524730
1983,1200,DAL,Tom Landry,2519030
1983,1400,DEN,Dan Reeves,2523900
1983,1540,DET,Monte Clark,2511561
1983,1800,GB,Bart Starr,2526406
1983,2100,HOU,Ed Biles,2509599
1983,2310,KC,John Mackovic,2519926
1983,2700,MIA,Don Shula,2525567
1983,3000,MIN,Bud Grant,2515188
1983,3200,NE,Ron Meyer,2521097
1983,3300,NO,Bum Phillips,2523180
1983,3410,NYG,Bill Parcells,2522713
1983,3430,NYJ,Joe Walton,2528197
1983,3700,PHI,Marion Campbell,2510970
1983,3900,PIT,Chuck Noll,2522215
1983,2520,RAI,Tom Flores,2514157
1983,2510,RAM,John Robinson,2524356
1983,4400,SD,Don Coryell,2512027
1983,4600,SEA,Chuck Knox,2518657
1983,4500,SF,Bill Walsh,2528174
1983,3800,STL,Jim Hanifan,2515739
1983,4900,TB,John McKay,2520808
1983,5110,WAS,Joe Gibbs,2514813
1984,200,ATL,Dan Henning,2516338
1984,610,BUF,Kay Stephenson,2526505
1984,810,CHI,Mike Ditka,2512966
1984,920,CIN,Sam Wyche,2529457
1984,1050,CLE,Marty Schottenheimer,2525105
1984,1200,DAL,Tom Landry,2519030
1984,1400,DEN,Dan Reeves,2523900
1984,1540,DET,Monte Clark,2511561
1984,1800,GB,Forrest Gregg,2515340
1984,2100,HOU,Hugh Campbell,2510976
1984,2200,IND,Hal Hunter,2517083
1984,2310,KC,John Mackovic,2519926
1984,2700,MIA,Don Shula,2525567
1984,3000,MIN,Les Steckel,2526431
1984,3200,NE,Raymond Berry,2509512
1984,3300,NO,Bum Phillips,2523180
1984,3410,NYG,Bill Parcells,2522713
1984,3430,NYJ,Joe Walton,2528197
1984,3700,PHI,Marion Campbell,2510970
1984,3900,PIT,Chuck Noll,2522215
1984,2520,RAI,Tom Flores,2514157
1984,2510,RAM,John Robinson,2524356
1984,4400,SD,Don Coryell,2512027
1984,4600,SEA,Chuck Knox,2518657
1984,4500,SF,Bill Walsh,2528174
1984,3800,STL,Jim Hanifan,2515739
1984,4900,TB,John McKay,2520808
1984,5110,WAS,Joe Gibbs,2514813
1985,200,ATL,Dan Henning,2516338
1985,610,BUF,Hank Bullough,2510645
1985,810,CHI,Mike Ditka,2512966
1985,920,CIN,Sam Wyche,2529457
1985,1050,CLE,Marty Schottenheimer,2525105
1985,1200,DAL,Tom Landry,2519030
1985,1400,DEN,Dan Reeves,2523900
1985,1540,DET,Darryl Rogers,2524451
1985,1800,GB,Forrest Gregg,2515340
1985,2100,HOU,Hugh Campbell,2510976
1985,2200,IND,Rod Dowhower,2513152
1985,2310,KC,John Mackovic,2519926
1985,2700,MIA,Don Shula,2525567
1985,3000,MIN,Bud Grant,2515188
1985,3200,NE,Raymond Berry,2509512
1985,3300,NO,Wade Phillips,2523189
1985,3410,NYG,Bill Parcells,2522713
1985,3430,NYJ,Joe Walton,2528197
1985,3700,PHI,Fred Bruney,2510517
1985,3900,PIT,Chuck Noll,2522215
1985,2520,RAI,Tom Flores,2514157
1985,2510,RAM,John Robinson,2524356
1985,4400,SD,Don Coryell,2512027
1985,4600,SEA,Chuck Knox,2518657
1985,4500,SF,Bill Walsh,2528174
1985,3800,STL,Jim Hanifan,2515739
1985,4900,TB,Leeman Bennett,2509421
1985,5110,WAS,Joe Gibbs,2514813
1986,200,ATL,Dan Henning,2516338
1986,610,BUF,Hank Bullough,2510645
1986,810,CHI,Mike Ditka,2512966
1986,920,CIN,Sam Wyche,2529457
1986,1050,CLE,Marty Schottenheimer,2525105
1986,1200,DAL,Tom Landry,2519030
1986,1400,DEN,Dan Reeves,2523900
1986,1540,DET,Darryl Rogers,2524451
1986,1800,GB,Forrest Gregg,2515340
1986,2100,HOU,Jerry Glanville,2514936
1986,2200,IND,Rod Dowhower,2513152
1986,2310,KC,John Mackovic,2519926
1986,2700,MIA,Don Shula,2525567
1986,3000,MIN,Jerry Burns,2510743
1986,3200,NE,Raymond Berry,2509512
1986,3300,NO,Jim Mora,2521562
1986,3410,NYG,Bill Parcells,2522713
1986,3430,NYJ,Joe Walton,2528197
1986,3700,PHI,Buddy Ryan,2524741
1986,3900,PIT,Chuck Noll,2522215
1986,2520,RAI,Tom Flores,2514157
1986,2510,RAM,John Robinson,2524356
1986,4400,SD,Don Coryell,2512027
1986,4600,SEA,Chuck Knox,2518657
1986,4500,SF,Bill Walsh,2528174
1986,3800,STL,Gene Stallings,2526355
1986,4900,TB,Leeman Bennett,2509421
1986,5110,WAS,Joe Gibbs,2514813
1987,200,ATL,Marion Campbell,2510970
1987,610,BUF,Marv Levy,2519407
1987,810,CHI,Mike Ditka,2512966
1987,920,CIN,Sam Wyche,2529457
1987,1050,CLE,Marty Schottenheimer,2525105
1987,1200,DAL,Tom Landry,2519030
1987,1400,DEN,Dan Reeves,2523900
1987,1540,DET,Darryl Rogers,2524451
1987,1800,GB,Forrest Gregg,2515340
1987,2100,HOU,Jerry Glanville,2514936
1987,2200,IND,Ron Meyer,2521097
1987,2310,KC,Frank Gansz,2514598
1987,2700,MIA,Don Shula,2525567
1987,3000,MIN,Jerry Burns,2510743
1987,3200,NE,Raymond Berry,2509512
1987,3300,NO,Jim Mora,2521562
1987,3410,NYG,Bill Parcells,2522713
1987,3430,NYJ,Joe Walton,2528197
1987,3700,PHI,Buddy Ryan,2524741
1987,3900,PIT,Chuck Noll,2522215
1987,2520,RAI,Tom Flores,2514157
1987,2510,RAM,John Robinson,2524356
1987,4400,SD,Al Saunders,2524944
1987,4600,SEA,Chuck Knox,2518657
1987,4500,SF,Bill Walsh,2528174
1987,3800,STL,Gene Stallings,2526355
1987,4900,TB,Ray Perkins,2523020
1987,5110,WAS,Joe Gibbs,2514813
1988,200,ATL,Marion Campbell,2510970
1988,610,BUF,Marv Levy,2519407
1988,810,CHI,Mike Ditka,2512966
1988,920,CIN,Sam Wyche,2529457
1988,1050,CLE,Marty Schottenheimer,2525105
1988,1200,DAL,Tom Landry,2519030
1988,1400,DEN,Dan Reeves,2523900
1988,1540,DET,Wayne Fontes,2514210
1988,1800,GB,Lindy Infante,2517157
1988,2100,HOU,Jerry Glanville,2514936
1988,2200,IND,Ron Meyer,2521097
1988,2310,KC,Frank Gansz,2514598
1988,2700,MIA,Don Shula,2525567
1988,3000,MIN,Jerry Burns,2510743
1988,3200,NE,Raymond Berry,2509512
1988,3300,NO,Jim Mora,2521562
1988,3410,NYG,Bill Parcells,2522713
1988,3430,NYJ,Joe Walton,2528197
1988,3700,PHI,Buddy Ryan,2524741
1988,3800,PHO,Gene Stallings,2526355
1988,3900,PIT,Chuck Noll,2522215
1988,2520,RAI,Mike Shanahan,2525374
1988,2510,RAM,John Robinson,2524356
1988,4400,SD,Al Saunders,2524944
1988,4600,SEA,Chuck Knox,2518657
1988,4500,SF,Bill Walsh,2528174
1988,4900,TB,Ray Perkins,2523020
1988,5110,WAS,Joe Gibbs,2514813
1989,200,ATL,Marion Campbell,2510970
1989,610,BUF,Marv Levy,2519407
1989,810,CHI,Mike Ditka,2512966
1989,920,CIN,Sam Wyche,2529457
1989,1050,CLE,Bud Carson,2511171
1989,1200,DAL,Jimmy Johnson,2517664
1989,1400,DEN,Dan Reeves,2523900
1989,1540,DET,Wayne Fontes,2514210
1989,1800,GB,Lindy Infante,2517157
1989,2100,HOU,Jerry Glanville,2514936
1989,2200,IND,Ron Meyer,2521097
1989,2310,KC,Marty Schottenheimer,2525105
1989,2700,MIA,Don Shula,2525567
1989,3000,MIN,Jerry Burns,2510743
1989,3200,NE,Raymond Berry,2509512
1989,3300,NO,Jim Mora,2521562
1989,3410,NYG,Bill Parcells,2522713
1989,3430,NYJ,Joe Walton,2528197
1989,3700,PHI,Buddy Ryan,2524741
1989,3800,PHO,Hank Kuhlmann,2518891
1989,3900,PIT,Chuck Noll,2522215
1989,2520,RAI,Mike Shanahan,2525374
1989,2510,RAM,John Robinson,2524356
1989,4400,SD,Dan Henning,2516338
1989,4600,SEA,Chuck Knox,2518657
1989,4500,SF,George Seifert,2525296
1989,4900,TB,Ray Perkins,2523020
1989,5110,WAS,Joe Gibbs,2514813
1990,200,ATL,Jerry Glanville,2514936
1990,610,BUF,Marv Levy,2519407
1990,810,CHI,Mike Ditka,2512966
1990,920,CIN,Sam Wyche,2529457
1990,1050,CLE,Bud Carson,2511171
1990,1200,DAL,Jimmy Johnson,2517664
1990,1400,DEN,Dan Reeves,2523900
1990,1540,DET,Wayne Fontes,2514210
1990,1800,GB,Lindy Infante,2517157
1990,2100,HOU,Jack Pardee,2522715
1990,2200,IND,Ron Meyer,2521097
1990,2310,KC,Marty Schottenheimer,2525105
1990,2700,MIA,Don Shula,2525567
1990,3000,MIN,Jerry Burns,2510743
1990,3200,NE,Rod Rust,2524723
1990,3300,NO,Jim Mora,2521562
1990,3410,NYG,Bill Parcells,2522713
1990,3430,NYJ,Bruce Coslet,2512033
1990,3700,PHI,Buddy Ryan,2524741
1990,3800,PHO,Joe Bugel,2510617
1990,3900,PIT,Chuck Noll,2522215
1990,2520,RAI,Art Shell,2525449
1990,2510,RAM,John Robinson,2524356
1990,4400,SD,Dan Henning,2516338
1990,4600,SEA,Chuck Knox,2518657
1990,4500,SF,George Seifert,2525296
1990,4900,TB,Ray Perkins,2523020
1990,5110,WAS,Joe Gibbs,2514813
1991,200,ATL,Jerry Glanville,2514936
1991,610,BUF,Marv Levy,2519407
1991,810,CHI,Mike Ditka,2512966
1991,920,CIN,Sam Wyche,2529457
1991,1050,CLE,Bill Belichick,2509331
1991,1200,DAL,Jimmy Johnson,2517664
1991,1400,DEN,Dan Reeves,2523900
1991,1540,DET,Wayne Fontes,2514210
1991,1800,GB,Lindy Infante,2517157
1991,2100,HOU,Jack Pardee,2522715
1991,2200,IND,Ron Meyer,2521097
1991,2310,KC,Marty Schottenheimer,2525105
1991,2700,MIA,Don Shula,2525567
1991,3000,MIN,Jerry Burns,2510743
1991,3200,NE,Dick MacPherson,2519937
1991,3300,NO,Jim Mora,2521562
1991,3410,NYG,Ray Handley,2515736
1991,3430,NYJ,Bruce Coslet,2512033
1991,3700,PHI,Rich Kotite,2518760
1991,3800,PHO,Joe Bugel,2510617
1991,3900,PIT,Chuck Noll,2522215
1991,2520,RAI,Art Shell,2525449
1991,2510,RAM,John Robinson,2524356
1991,4400,SD,Dan Henning,2516338
1991,4600,SEA,Chuck Knox,2518657
1991,4500,SF,George Seifert,2525296
1991,4900,TB,Richard Williamson,2529060
1991,5110,WAS,Joe Gibbs,2514813
1992,200,ATL,Jerry Glanville,2514936
1992,610,BUF,Marv Levy,2519407
1992,810,CHI,Mike Ditka,2512966
1992,920,CIN,Dave Shula,2525565
1992,1050,CLE,Bill Belichick,2509331
1992,1200,DAL,Jimmy Johnson,2517664
1992,1400,DEN,Dan Reeves,2523900
1992,1540,DET,Wayne Fontes,2514210
1992,1800,GB,Mike Holmgren,2516743
1992,2100,HOU,Jack Pardee,2522715
1992,2200,IND,Ted Marchibroda,2520120
1992,2310,KC,Marty Schottenheimer,2525105
1992,2700,MIA,Don Shula,2525567
1992,3000,MIN,Dennis Green,2515263
1992,3200,NE,Dick MacPherson,2519937
1992,3300,NO,Jim Mora,2521562
1992,3410,NYG,Ray Handley,2515736
1992,3430,NYJ,Bruce Coslet,2512033
1992,3700,PHI,Rich Kotite,2518760
1992,3800,PHO,Joe Bugel,2510617
1992,3900,PIT,Bill Cowher,2512089
1992,2520,RAI,Art Shell,2525449
1992,2510,RAM,Chuck Knox,2518657
1992,4400,SD,Bobby Ross,2524578
1992,4600,SEA,Tom Flores,2514157
1992,4500,SF,George Seifert,2525296
1992,4900,TB,Sam Wyche,2529457
1992,5110,WAS,Joe Gibbs,2514813
1993,200,ATL,Jerry Glanville,2514936
1993,610,BUF,Marv Levy,2519407
1993,810,CHI,Dave Wannstedt,2528209
1993,920,CIN,Dave Shula,2525565
1993,1050,CLE,Bill Belichick,2509331
1993,1200,DAL,Jimmy Johnson,2517664
1993,1400,DEN,Wade Phillips,2523189
1993,1540,DET,Wayne Fontes,2514210
1993,1800,GB,Mike Holmgren,2516743
1993,2100,HOU,Jack Pardee,2522715
1993,2200,IND,Ted Marchibroda,2520120
1993,2310,KC,Marty Schottenheimer,2525105
1993,2700,MIA,Don Shula,2525567
1993,3000,MIN,Dennis Green,2515263
1993,3200,NE,Bill Parcells,2522713
1993,3300,NO,Jim Mora,2521562
1993,3410,NYG,Dan Reeves,2523900
1993,3430,NYJ,Bruce Coslet,2512033
1993,3700,PHI,Rich Kotite,2518760
1993,3800,PHO,Joe Bugel,2510617
1993,3900,PIT,Bill Cowher,2512089
1993,2520,RAI,Art Shell,2525449
1993,2510,RAM,Chuck Knox,2518657
1993,4400,SD,Bobby Ross,2524578
1993,4600,SEA,Tom Flores,2514157
1993,4500,SF,George Seifert,2525296
1993,4900,TB,Sam Wyche,2529457
1993,5110,WAS,Richie Petitbon,2523109
1994,3800,ARI,Buddy Ryan,2524741
1994,200,ATL,June Jones,2517910
1994,610,BUF,Marv Levy,2519407
1994,810,CHI,Dave Wannstedt,2528209
1994,920,CIN,Dave Shula,2525565
1994,1050,CLE,Bill Belichick,2509331
1994,1200,DAL,Barry Switzer,2526937
1994,1400,DEN,Wade Phillips,2523189
1994,1540,DET,Wayne Fontes,2514210
1994,1800,GB,Mike Holmgren,2516743
1994,2100,HOU,Jeff Fisher,2514064
1994,2200,IND,Ted Marchibroda,2520120
1994,2310,KC,Marty Schottenheimer,2525105
1994,2700,MIA,Don Shula,2525567
1994,3000,MIN,Dennis Green,2515263
1994,3200,NE,Bill Parcells,2522713
1994,3300,NO,Jim Mora,2521562
1994,3410,NYG,Dan Reeves,2523900
1994,3430,NYJ,Pete Carroll,2511159
1994,3700,PHI,Rich Kotite,2518760
1994,3900,PIT,Bill Cowher,2512089
1994,2520,RAI,Art Shell,2525449
1994,2510,RAM,Chuck Knox,2518657
1994,4400,SD,Bobby Ross,2524578
1994,4600,SEA,Tom Flores,2514157
1994,4500,SF,George Seifert,2525296
1994,4900,TB,Sam Wyche,2529457
1994,5110,WAS,Norv Turner,2527724
1995,3800,ARI,Buddy Ryan,2524741
1995,200,ATL,June Jones,2517910
1995,610,BUF,Marv Levy,2519407
1995,750,CAR,Dom Capers,2511029
1995,810,CHI,Dave Wannstedt,2528209
1995,920,CIN,Dave Shula,2525565
1995,1050,CLE,Bill Belichick,2509331
1995,1200,DAL,Barry Switzer,2526937
1995,1400,DEN,Mike Shanahan,2525374
1995,1540,DET,Wayne Fontes,2514210
1995,1800,GB,Mike Holmgren,2516743
1995,2100,HOU,Jeff Fisher,2514064
1995,2200,IND,Ted Marchibroda,2520120
1995,2250,JAC,Tom Coughlin,2512064
1995,2310,KC,Marty Schottenheimer,2525105
1995,2700,MIA,Don Shula,2525567
1995,3000,MIN,Dennis Green,2515263
1995,3200,NE,Bill Parcells,2522713
1995,3300,NO,Jim Mora,2521562
1995,3410,NYG,Dan Reeves,2523900
1995,3430,NYJ,Rich Kotite,2518760
1995,2520,OAK,Mike White,2528690
1995,3700,PHI,Ray Rhodes,2524036
1995,3900,PIT,Bill Cowher,2512089
1995,4400,SD,Bobby Ross,2524578
1995,4600,SEA,Dennis Erickson,2513676
1995,4500,SF,George Seifert,2525296
1995,2510,STL,Rich Brooks,2510277
1995,4900,TB,Sam Wyche,2529457
1995,5110,WAS,Norv Turner,2527724
1996,3800,ARI,Vince Tobin,2527480
1996,200,ATL,June Jones,2517910
1996,325,BAL,Ted Marchibroda,2520120
1996,610,BUF,Marv Levy,2519407
1996,750,CAR,Dom Capers,2511029
1996,810,CHI,Dave Wannstedt,2528209
1996,920,CIN,Bruce Coslet,2512033
1996,1200,DAL,Barry Switzer,2526937
1996,1400,DEN,Mike Shanahan,2525374
1996,1540,DET,Wayne Fontes,2514210
1996,1800,GB,Mike Holmgren,2516743
1996,2100,HOU,Jeff Fisher,2514064
1996,2200,IND,Lindy Infante,2517157
1996,2250,JAC,Tom Coughlin,2512064
1996,2310,KC,Marty Schottenheimer,2525105
1996,2700,MIA,Jimmy Johnson,2517664
1996,3000,MIN,Dennis Green,2515263
1996,3200,NE,Bill Parcells,2522713
1996,3300,NO,Jim Mora,2521562
1996,3410,NYG,Dan Reeves,2523900
1996,3430,NYJ,Rich Kotite,2518760
1996,2520,OAK,Mike White,2528690
1996,3700,PHI,Ray Rhodes,2524036
1996,3900,PIT,Bill Cowher,2512089
1996,4400,SD,Bobby Ross,2524578
1996,4600,SEA,Dennis Erickson,2513676
1996,4500,SF,George Seifert,2525296
1996,2510,STL,Rich Brooks,2510277
1996,4900,TB,Tony Dungy,2513317
1996,5110,WAS,Norv Turner,2527724
1997,3800,ARI,Vince Tobin,2527480
1997,200,ATL,Dan Reeves,2523900
1997,325,BAL,Ted Marchibroda,2520120
1997,610,BUF,Marv Levy,2519407
1997,750,CAR,Dom Capers,2511029
1997,810,CHI,Dave Wannstedt,2528209
1997,920,CIN,Bruce Coslet,2512033
1997,1200,DAL,Barry Switzer,2526937
1997,1400,DEN,Mike Shanahan,2525374
1997,1540,DET,Bobby Ross,2524578
1997,1800,GB,Mike Holmgren,2516743
1997,2200,IND,Lindy Infante,2517157
1997,2250,JAC,Tom Coughlin,2512064
1997,2310,KC,Marty Schottenheimer,2525105
1997,2700,MIA,Jimmy Johnson,2517664
1997,3000,MIN,Dennis Green,2515263
1997,3200,NE,Pete Carroll,2511159
1997,3300,NO,Mike Ditka,2512966
1997,3410,NYG,Jim Fassel,2513864
1997,3430,NYJ,Bill Parcells,2522713
1997,2520,OAK,Joe Bugel,2510617
1997,3700,PHI,Ray Rhodes,2524036
1997,3900,PIT,Bill Cowher,2512089
1997,4400,SD,Kevin Gilbride,2514867
1997,4600,SEA,Dennis Erickson,2513676
1997,4500,SF,Steve Mariucci,2520152
1997,2510,STL,Dick Vermeil,2527943
1997,4900,TB,Tony Dungy,2513317
1997,2100,TEN,Jeff Fisher,2514064
1997,5110,WAS,Norv Turner,2527724
1998,3800,ARI,Vince Tobin,2527480
1998,200,ATL,Dan Reeves,2523900
1998,325,BAL,Ted Marchibroda,2520120
1998,610,BUF,Wade Phillips,2523189
1998,750,CAR,Dom Capers,2511029
1998,810,CHI,Dave Wannstedt,2528209
1998,920,CIN,Bruce Coslet,2512033
1998,1200,DAL,Chan Gailey,2514536
1998,1400,DEN,Mike Shanahan,2525374
1998,1540,DET,Bobby Ross,2524578
1998,1800,GB,Mike Holmgren,2516743
1998,2200,IND,Jim Mora,2521562
1998,2250,JAC,Tom Coughlin,2512064
1998,2310,KC,Marty Schottenheimer,2525105
1998,2700,MIA,Jimmy Johnson,2517664
1998,3000,MIN,Dennis Green,2515263
1998,3200,NE,Pete Carroll,2511159
1998,3300,NO,Mike Ditka,2512966
1998,3410,NYG,Jim Fassel,2513864
1998,3430,NYJ,Bill Parcells,2522713
1998,2520,OAK,Jon Gruden,2515458
1998,3700,PHI,Ray Rhodes,2524036
1998,3900,PIT,Bill Cowher,2512089
1998,4400,SD,Kevin Gilbride,2514867
1998,4600,SEA,Dennis Erickson,2513676
1998,4500,SF,Steve Mariucci,2520152
1998,2510,STL,Dick Vermeil,2527943
1998,4900,TB,Tony Dungy,2513317
1998,2100,TEN,Jeff Fisher,2514064
1998,5110,WAS,Norv Turner,2527724
1999,3800,ARI,Vince Tobin,2527480
1999,200,ATL,Dan Reeves,2523900
1999,325,BAL,Brian Billick,2509603
1999,610,BUF,Wade Phillips,2523189
1999,750,CAR,George Seifert,2525296
1999,810,CHI,Dick Jauron,2517438
1999,920,CIN,Bruce Coslet,2512033
1999,1050,CLE,Chris Palmer,2522679
1999,1200,DAL,Chan Gailey,2514536
1999,1400,DEN,Mike Shanahan,2525374
1999,1540,DET,Bobby Ross,2524578
1999,1800,GB,Ray Rhodes,2524036
1999,2200,IND,Jim Mora,2521562
1999,2250,JAC,Tom Coughlin,2512064
1999,2310,KC,Gunther Cunningham,2512322
1999,2700,MIA,Jimmy Johnson,2517664
1999,3000,MIN,Dennis Green,2515263
1999,3200,NE,Pete Carroll,2511159
1999,3300,NO,Mike Ditka,2512966
1999,3410,NYG,Jim Fassel,2513864
1999,3430,NYJ,Bill Parcells,2522713
1999,2520,OAK,Jon Gruden,2515458
1999,3700,PHI,Andy Reid,2523926
1999,3900,PIT,Bill Cowher,2512089
1999,4400,SD,Mike Riley,2524188
1999,4600,SEA,Mike Holmgren,2516743
1999,4500,SF,Steve Mariucci,2520152
1999,2510,STL,Dick Vermeil,2527943
1999,4900,TB,Tony Dungy,2513317
1999,2100,TEN,Jeff Fisher,2514064
1999,5110,WAS,Norv Turner,2527724
2000,3800,ARI,Dave McGinnis,2520751
2000,200,ATL,Dan Reeves,2523900
2000,325,BAL,Brian Billick,2509603
2000,610,BUF,Wade Phillips,2523189
2000,750,CAR,George Seifert,2525296
2000,810,CHI,Dick Jauron,2517438
2000,920,CIN,Bruce Coslet,2512033
2000,1050,CLE,Chris Palmer,2522679
2000,1200,DAL,Dave Campo,2511002
2000,1400,DEN,Mike Shanahan,2525374
2000,1540,DET,Gary Moeller,2521401
2000,1800,GB,Mike Sherman,2525484
2000,2200,IND,Jim Mora,2521562
2000,2250,JAC,Tom Coughlin,2512064
2000,2310,KC,Gunther Cunningham,2512322
2000,2700,MIA,Dave Wannstedt,2528209
2000,3000,MIN,Dennis Green,2515263
2000,3200,NE,Bill Belichick,2509331
2000,3300,NO,Jim Haslett,2516073
2000,3410,NYG,Jim Fassel,2513864
2000,3430,NYJ,Al Groh,2515425
2000,2520,OAK,Jon Gruden,2515458
2000,3700,PHI,Andy Reid,2523926
2000,3900,PIT,Bill Cowher,2512089
2000,4400,SD,Mike Riley,2524188
2000,4600,SEA,Mike Holmgren,2516743
2000,4500,SF,Steve Mariucci,2520152
2000,2510,STL,Mike Martz,2520282
2000,4900,TB,Tony Dungy,2513317
2000,2100,TEN,Jeff Fisher,2514064
2000,5110,WAS,Norv Turner,2527724
2001,3800,ARI,Dave McGinnis,2520751
2001,200,ATL,Dan Reeves,2523900
2001,325,BAL,Brian Billick,2509603
2001,610,BUF,Gregg Williams,2528921
2001,750,CAR,George Seifert,2525296
2001,810,CHI,Dick Jauron,2517438
2001,920,CIN,Dick LeBeau,2519234
2001,1050,CLE,Butch Davis,2512609
2001,1200,DAL,Dave Campo,2511002
2001,1400,DEN,Mike Shanahan,2525374
2001,1540,DET,Marty Mornhinweg,2521615
2001,1800,GB,Mike Sherman,2525484
2001,2200,IND,Jim Mora,2521562
2001,2250,JAC,Tom Coughlin,2512064
2001,2310,KC,Dick Vermeil,2527943
2001,2700,MIA,Dave Wannstedt,2528209
2001,3000,MIN,Dennis Green,2515263
2001,3200,NE,Bill Belichick,2509331
2001,3300,NO,Jim Haslett,2516073
2001,3410,NYG,Jim Fassel,2513864
2001,3430,NYJ,Herman Edwards,2513484
2001,2520,OAK,Jon Gruden,2515458
2001,3700,PHI,Andy Reid,2523926
2001,3900,PIT,Bill Cowher,2512089
2001,4400,SD,Mike Riley,2524188
2001,4600,SEA,Mike Holmgren,2516743
2001,4500,SF,Steve Mariucci,2520152
2001,2510,STL,Mike Martz,2520282
2001,4900,TB,Tony Dungy,2513317
2001,2100,TEN,Jeff Fisher,2514064
2001,5110,WAS,Marty Schottenheimer,2525105
2002,3800,ARI,Dave McGinnis,2520751
2002,200,ATL,Dan Reeves,2523900
2002,325,BAL,Brian Billick,2509603
2002,610,BUF,Gregg Williams,2528921
2002,750,CAR,John Fox,2514313
2002,810,CHI,Dick Jauron,2517438
2002,920,CIN,Dick LeBeau,2519234
2002,1050,CLE,Butch Davis,2512609
2002,1200,DAL,Dave Campo,2511002
2002,1400,DEN,Mike Shanahan,2525374
2002,1540,DET,Marty Mornhinweg,2521615
2002,1800,GB,Mike Sherman,2525484
2002,2120,HOU,Dom Capers,2511029
2002,2200,IND,Tony Dungy,2513317
2002,2250,JAC,Tom Coughlin,2512064
2002,2310,KC,Dick Vermeil,2527943
2002,2700,MIA,Dave Wannstedt,2528209
2002,3000,MIN,Mike Tice,2527414
2002,3200,NE,Bill Belichick,2509331
2002,3300,NO,Jim Haslett,2516073
2002,3410,NYG,Jim Fassel,2513864
2002,3430,NYJ,Herman Edwards,2513484
2002,2520,OAK,Bill Callahan,2510932
2002,3700,PHI,Andy Reid,2523926
2002,3900,PIT,Bill Cowher,2512089
2002,4400,SD,Marty Schottenheimer,2525105
2002,4600,SEA,Mike Holmgren,2516743
2002,4500,SF,Steve Mariucci,2520152
2002,2510,STL,Mike Martz,2520282
2002,4900,TB,Jon Gruden,2515458
2002,2100,TEN,Jeff Fisher,2514064
2002,5110,WAS,Steve Spurrier,2526321
2003,3800,ARI,Dave McGinnis,2520751
2003,200,ATL,Wade Phillips,2523189
2003,325,BAL,Brian Billick,2509603
2003,610,BUF,Gregg Williams,2528921
2003,750,CAR,John Fox,2514313
2003,810,CHI,Dick Jauron,2517438
2003,920,CIN,Marvin Lewis,2519463
2003,1050,CLE,Butch Davis,2512609
2003,1200,DAL,Bill Parcells,2522713
2003,1400,DEN,Mike Shanahan,2525374
2003,1540,DET,Steve Mariucci,2520152
2003,1800,GB,Mike Sherman,2525484
2003,2120,HOU,Dom Capers,2511029
2003,2200,IND,Tony Dungy,2513317
2003,2250,JAC,Jack Del Rio,2512762
2003,2310,KC,Dick Vermeil,2527943
2003,2700,MIA,Dave Wannstedt,2528209
2003,3000,MIN,Mike Tice,2527414
2003,3200,NE,Bill Belichick,2509331
2003,3300,NO,Jim Haslett,2516073
2003,3410,NYG,Jim Fassel,2513864
2003,3430,NYJ,Herman Edwards,2513484
2003,2520,OAK,Bill Callahan,2510932
2003,3700,PHI,Andy Reid,2523926
2003,3900,PIT,Bill Cowher,2512089
2003,4400,SD,Marty Schottenheimer,2525105
2003,4600,SEA,Mike Holmgren,2516743
2003,4500,SF,Dennis Erickson,2513676
2003,2510,STL,Mike Martz,2520282
2003,4900,TB,Jon Gruden,2515458
2003,2100,TEN,Jeff Fisher,2514064
2003,5110,WAS,Steve Spurrier,2526321
2004,3800,ARI,Dennis Green,2515263
2004,200,ATL,Jim Mora Jr.,2521563
2004,325,BAL,Brian Billick,2509603
2004,610,BUF,Mike Mularkey,2521777
2004,750,CAR,John Fox,2514313
2004,810,CHI,Lovie Smith,2526022
2004,920,CIN,Marvin Lewis,2519463
2004,1050,CLE,Butch Davis,2512609
2004,1200,DAL,Bill Parcells,2522713
2004,1400,DEN,Mike Shanahan,2525374
2004,1540,DET,Steve Mariucci,2520152
2004,1800,GB,Mike Sherman,2525484
2004,2120,HOU,Dom Capers,2511029
2004,2200,IND,Tony Dungy,2513317
2004,2250,JAC,Jack Del Rio,2512762
2004,2310,KC,Dick Vermeil,2527943
2004,2700,MIA,Jim Bates,2509147
2004,3000,MIN,Mike Tice,2527414
2004,3200,NE,Bill Belichick,2509331
2004,3300,NO,Jim Haslett,2516073
2004,3410,NYG,Tom Coughlin,2512064
2004,3430,NYJ,Herman Edwards,2513484
2004,2520,OAK,Norv Turner,2527724
2004,3700,PHI,Andy Reid,2523926
2004,3900,PIT,Bill Cowher,2512089
2004,4400,SD,Marty Schottenheimer,2525105
2004,4600,SEA,Mike Holmgren,2516743
2004,4500,SF,Dennis Erickson,2513676
2004,2510,STL,Mike Martz,2520282
2004,4900,TB,Jon Gruden,2515458
2004,2100,TEN,Jeff Fisher,2514064
2004,5110,WAS,Joe Gibbs,2514813
2005,3800,ARI,Dennis Green,2515263
2005,200,ATL,Jim Mora Jr.,2521563
2005,325,BAL,Brian Billick,2509603
2005,610,BUF,Mike Mularkey,2521777
2005,750,CAR,John Fox,2514313
2005,810,CHI,Lovie Smith,2526022
2005,920,CIN,Marvin Lewis,2519463
2005,1050,CLE,Romeo Crennel,2512169
2005,1200,DAL,Bill Parcells,2522713
2005,1400,DEN,Mike Shanahan,2525374
2005,1540,DET,Dick Jauron,2517438
2005,1800,GB,Mike Sherman,2525484
2005,2120,HOU,Dom Capers,2511029
2005,2200,IND,Tony Dungy,2513317
2005,2250,JAC,Jack Del Rio,2512762
2005,2310,KC,Dick Vermeil,2527943
2005,2700,MIA,Nick Saban,2524772
2005,3000,MIN,Mike Tice,2527414
2005,3200,NE,Bill Belichick,2509331
2005,3300,NO,Jim Haslett,2516073
2005,3410,NYG,Tom Coughlin,2512064
2005,3430,NYJ,Herman Edwards,2513484
2005,2520,OAK,Norv Turner,2527724
2005,3700,PHI,Andy Reid,2523926
2005,3900,PIT,Bill Cowher,2512089
2005,4400,SD,Marty Schottenheimer,2525105
2005,4600,SEA,Mike Holmgren,2516743
2005,4500,SF,Mike Nolan,2522209
2005,2510,STL,Mike Martz,2520282
2005,4900,TB,Jon Gruden,2515458
2005,2100,TEN,Jeff Fisher,2514064
2005,5110,WAS,Joe Gibbs,2514813
2006,3800,ARI,Dennis Green,2515263
2006,200,ATL,Jim Mora Jr.,2521563
2006,325,BAL,Brian Billick,2509603
2006,610,BUF,Dick Jauron,2517438
2006,750,CAR,John Fox,2514313
2006,810,CHI,Lovie Smith,2526022
2006,920,CIN,Marvin Lewis,2519463
2006,1050,CLE,Romeo Crennel,2512169
2006,1200,DAL,Bill Parcells,2522713
2006,1400,DEN,Mike Shanahan,2525374
2006,1540,DET,Rod Marinelli,2520142
2006,1800,GB,Mike McCarthy,2520528
2006,2120,HOU,Gary Kubiak,2518873
2006,2200,IND,Tony Dungy,2513317
2006,2250,JAC,Jack Del Rio,2512762
2006,2310,KC,Herman Edwards,2513484
2006,2700,MIA,Nick Saban,2524772
2006,3000,MIN,Brad Childress,2511433
2006,3200,NE,Bill Belichick,2509331
2006,3300,NO,Sean Payton,2522905
2006,3410,NYG,Tom Coughlin,2512064
2006,3430,NYJ,Eric Mangini,2520059
2006,2520,OAK,Art Shell,2525449
2006,3700,PHI,Andy Reid,2523926
2006,3900,PIT,Bill Cowher,2512089
2006,4400,SD,Marty Schottenheimer,2525105
2006,4600,SEA,Mike Holmgren,2516743
2006,4500,SF,Mike Nolan,2522209
2006,2510,STL,Scott Linehan,2519543
2006,4900,TB,Jon Gruden,2515458
2006,2100,TEN,Jeff Fisher,2514064
2006,5110,WAS,Joe Gibbs,2514813
2007,3800,ARI,Ken Whisenhunt,2528625
2007,200,ATL,Emmitt Thomas,2527237
2007,325,BAL,Brian Billick,2509603
2007,610,BUF,Dick Jauron,2517438
2007,750,CAR,John Fox,2514313
2007,810,CHI,Lovie Smith,2526022
2007,920,CIN,Marvin Lewis,2519463
2007,1050,CLE,Romeo Crennel,2512169
2007,1200,DAL,Wade Phillips,2523189
2007,1400,DEN,Mike Shanahan,2525374
2007,1540,DET,Rod Marinelli,2520142
2007,1800,GB,Mike McCarthy,2520528
2007,2120,HOU,Gary Kubiak,2518873
2007,2200,IND,Tony Dungy,2513317
2007,2250,JAC,Jack Del Rio,2512762
2007,2310,KC,Herman Edwards,2513484
2007,2700,MIA,Cam Cameron,2510957
2007,3000,MIN,Brad Childress,2511433
2007,3200,NE,Bill Belichick,2509331
2007,3300,NO,Sean Payton,2522905
2007,3410,NYG,Tom Coughlin,2512064
2007,3430,NYJ,Eric Mangini,2520059
2007,2520,OAK,Lane Kiffin,2518425
2007,3700,PHI,Andy Reid,2523926
2007,3900,PIT,Mike Tomlin,2527518
2007,4400,SD,Norv Turner,2527724
2007,4600,SEA,Mike Holmgren,2516743
2007,4500,SF,Mike Nolan,2522209
2007,2510,STL,Scott Linehan,2519543
2007,4900,TB,Jon Gruden,2515458
2007,2100,TEN,Jeff Fisher,2514064
2007,5110,WAS,Joe Gibbs,2514813
2008,3800,ARI,Ken Whisenhunt,2528625
2008,200,ATL,Mike Smith,2526035
2008,325,BAL,John Harbaugh,2515791
2008,610,BUF,Dick Jauron,2517438
2008,750,CAR,John Fox,2514313
2008,810,CHI,Lovie Smith,2526022
2008,920,CIN,Marvin Lewis,2519463
2008,1050,CLE,Romeo Crennel,2512169
2008,1200,DAL,Wade Phillips,2523189
2008,1400,DEN,Mike Shanahan,2525374
2008,1540,DET,Rod Marinelli,2520142
2008,1800,GB,Mike McCarthy,2520528
2008,2120,HOU,Gary Kubiak,2518873
2008,2200,IND,Tony Dungy,2513317
2008,2250,JAC,Jack Del Rio,2512762
2008,2310,KC,Herman Edwards,2513484
2008,2700,MIA,Tony Sparano,2526232
2008,3000,MIN,Brad Childress,2511433
2008,3200,NE,Bill Belichick,2509331
2008,3300,NO,Sean Payton,2522905
2008,3410,NYG,Tom Coughlin,2512064
2008,3430,NYJ,Eric Mangini,2520059
2008,2520,OAK,Tom Cable,2510880
2008,3700,PHI,Andy Reid,2523926
2008,3900,PIT,Mike Tomlin,2527518
2008,4400,SD,Norv Turner,2527724
2008,4600,SEA,Mike Holmgren,2516743
2008,4500,SF,Mike Nolan,2522209
2008,2510,STL,Jim Haslett,2516073
2008,4900,TB,Jon Gruden,2515458
2008,2100,TEN,Jeff Fisher,2514064
2008,5110,WAS,Jim Zorn,2529687
2009,3800,ARI,Ken Whisenhunt,2528625
2009,200,ATL,Mike Smith,2526035
2009,325,BAL,John Harbaugh,2515791
2009,610,BUF,Perry Fewell,2513985
2009,750,CAR,John Fox,2514313
2009,810,CHI,Lovie Smith,2526022
2009,920,CIN,Marvin Lewis,2519463
2009,1050,CLE,Eric Mangini,2520059
2009,1200,DAL,Wade Phillips,2523189
2009,1400,DEN,Josh McDaniels,2520656
2009,1540,DET,Jim Schwartz,2525155
2009,1800,GB,Mike McCarthy,2520528
2009,2120,HOU,Gary Kubiak,2518873
2009,2200,IND,Jim Caldwell,2510922
2009,2250,JAC,Jack Del Rio,2512762
2009,2310,KC,Todd Haley,2515611
2009,2700,MIA,Tony Sparano,2526232
2009,3000,MIN,Brad Childress,2511433
2009,3200,NE,Bill Belichick,2509331
2009,3300,NO,Sean Payton,2522905
2009,3410,NYG,Tom Coughlin,2512064
2009,3430,NYJ,Rex Ryan,2524749
2009,2520,OAK,Tom Cable,2510880
2009,3700,PHI,Andy Reid,2523926
2009,3900,PIT,Mike Tomlin,2527518
2009,4400,SD,Norv Turner,2527724
2009,4600,SEA,Jim Mora Jr.,2521563
2009,4500,SF,Mike Singletary,2525735
2009,2510,STL,Steve Spagnuolo,2526223
2009,4900,TB,Raheem Morris,2521646
2009,2100,TEN,Jeff Fisher,2514064
2009,5110,WAS,Jim Zorn,2529687
2010,3800,ARI,Ken Whisenhunt,2528625
2010,200,ATL,Mike Smith,2526035
2010,325,BAL,John Harbaugh,2515791
2010,610,BUF,Chan Gailey,2514536
2010,750,CAR,John Fox,2514313
2010,810,CHI,Lovie Smith,2526022
2010,920,CIN,Marvin Lewis,2519463
2010,1050,CLE,Eric Mangini,2520059
2010,1200,DAL,Jason Garrett,2514652
2010,1400,DEN,Josh McDaniels,2520656
2010,1540,DET,Jim Schwartz,2525155
2010,1800,GB,Mike McCarthy,2520528
2010,2120,HOU,Gary Kubiak,2518873
2010,2200,IND,Jim Caldwell,2510922
2010,2250,JAC,Jack Del Rio,2512762
2010,2310,KC,Todd Haley,2515611
2010,2700,MIA,Tony Sparano,2526232
2010,3000,MIN,Brad Childress,2511433
2010,3200,NE,Bill Belichick,2509331
2010,3300,NO,Sean Payton,2522905
2010,3410,NYG,Tom Coughlin,2512064
2010,3430,NYJ,Rex Ryan,2524749
2010,2520,OAK,Tom Cable,2510880
2010,3700,PHI,Andy Reid,2523926
2010,3900,PIT,Mike Tomlin,2527518
2010,4400,SD,Norv Turner,2527724
2010,4600,SEA,Pete Carroll,2511159
2010,4500,SF,Mike Singletary,2525735
2010,2510,STL,Steve Spagnuolo,2526223
2010,4900,TB,Raheem Morris,2521646
2010,2100,TEN,Jeff Fisher,2514064
2010,5110,WAS,Mike Shanahan,2525374
2011,3800,ARI,Ken Whisenhunt,2528625
2011,200,ATL,Mike Smith,2526035
2011,325,BAL,John Harbaugh,2515791
2011,610,BUF,Chan Gailey,2514536
2011,750,CAR,Ron Rivera,2524222
2011,810,CHI,Lovie Smith,2526022
2011,920,CIN,Marvin Lewis,2519463
2011,1050,CLE,Pat Shurmur,2525581
2011,1200,DAL,Jason Garrett,2514652
2011,1400,DEN,John Fox,2514313
2011,1540,DET,Jim Schwartz,2525155
2011,1800,GB,Mike McCarthy,2520528
2011,2120,HOU,Gary Kubiak,2518873
2011,2200,IND,Jim Caldwell,2510922
2011,2250,JAC,Jack Del Rio,2512762
2011,2310,KC,Romeo Crennel,2512169
2011,2700,MIA,Todd Bowles,2532231
2011,3000,MIN,Leslie Frazier,2514397
2011,3200,NE,Bill Belichick,2509331
2011,3300,NO,Sean Payton,2522905
2011,3410,NYG,Tom Coughlin,2512064
2011,3430,NYJ,Rex Ryan,2524749
2011,2520,OAK,Hue Jackson,2517259
2011,3700,PHI,Andy Reid,2523926
2011,3900,PIT,Mike Tomlin,2527518
2011,4400,SD,Norv Turner,2527724
2011,4600,SEA,Pete Carroll,2511159
2011,4500,SF,Jim Harbaugh,2515790
2011,2510,STL,Steve Spagnuolo,2526223
2011,4900,TB,Raheem Morris,2521646
2011,2100,TEN,Mike Munchak,2521811
2011,5110,WAS,Mike Shanahan,2525374
2012,3800,ARI,Ken Whisenhunt,2528625
2012,200,ATL,Mike Smith,2526035
2012,325,BAL,John Harbaugh,2515791
2012,610,BUF,Chan Gailey,2514536
2012,750,CAR,Ron Rivera,2524222
2012,810,CHI,Lovie Smith,2526022
2012,920,CIN,Marvin Lewis,2519463
2012,1050,CLE,Pat Shurmur,2525581
2012,1200,DAL,Jason Garrett,2514652
2012,1400,DEN,John Fox,2514313
2012,1540,DET,Jim Schwartz,2525155
2012,1800,GB,Mike McCarthy,2520528
2012,2120,HOU,Gary Kubiak,2518873
2012,2200,IND,Chuck Pagano,2533231
2012,2250,JAC,Mike Mularkey,2521777
2012,2310,KC,Romeo Crennel,2512169
2012,2700,MIA,Joe Philbin,2523155
2012,3000,MIN,Leslie Frazier,2514397
2012,3200,NE,Bill Belichick,2509331
2012,3300,NO,Sean Payton,2522905
2012,3410,NYG,Tom Coughlin,2512064
2012,3430,NYJ,Rex Ryan,2524749
2012,2520,OAK,Dennis Allen,2533356
2012,3700,PHI,Andy Reid,2523926
2012,3900,PIT,Mike Tomlin,2527518
2012,4400,SD,Norv Turner,2527724
2012,4600,SEA,Pete Carroll,2511159
2012,4500,SF,Jim Harbaugh,2515790
2012,2510,STL,Jeff Fisher,2514064
2012,4900,TB,Greg Schiano,2533233
2012,2100,TEN,Mike Munchak,2521811
2012,5110,WAS,Mike Shanahan,2525374
2013,3800,ARI,Bruce Arians,2508619
2013,200,ATL,Mike Smith,2526035
2013,325,BAL,John Harbaugh,2515791
2013,610,BUF,Doug Marrone,2520180
2013,750,CAR,Ron Rivera,2524222
2013,810,CHI,Marc Trestman,2540214
2013,920,CIN,Marvin Lewis,2519463
2013,1050,CLE,Rob Chudzinski,2511478
2013,1200,DAL,Jason Garrett,2514652
2013,1400,DEN,John Fox,2514313
2013,1540,DET,Jim Schwartz,2525155
2013,1800,GB,Mike McCarthy,2520528
2013,2120,HOU,Gary Kubiak,2518873
2013,2200,IND,Chuck Pagano,2533231
2013,2250,JAC,Gus Bradley,2540220
2013,2310,KC,Andy Reid,2523926
2013,2700,MIA,Joe Philbin,2523155
2013,3000,MIN,Leslie Frazier,2514397
2013,3200,NE,Bill Belichick,2509331
2013,3300,NO,Sean Payton,2522905
2013,3410,NYG,Tom Coughlin,2512064
2013,3430,NYJ,Rex Ryan,2524749
2013,2520,OAK,Dennis Allen,2533356
2013,3700,PHI,Chip Kelly,2540218
2013,3900,PIT,Mike Tomlin,2527518
2013,4400,SD,Mike McCoy,2542330
2013,4600,SEA,Pete Carroll,2511159
2013,4500,SF,Jim Harbaugh,2515790
2013,2510,STL,Jeff Fisher,2514064
2013,4900,TB,Greg Schiano,2533233
2013,2100,TEN,Mike Munchak,2521811
2013,5110,WAS,Mike Shanahan,2525374
2014,3800,ARI,Bruce Arians,2508619
2014,200,ATL,Mike Smith,2526035
2014,325,BAL,John Harbaugh,2515791
2014,610,BUF,Doug Marrone,2520180
2014,750,CAR,Ron Rivera,2524222
2014,810,CHI,Marc Trestman,2540214
2014,920,CIN,Marvin Lewis,2519463
2014,1050,CLE,Mike Pettine,2551431
2014,1200,DAL,Jason Garrett,2514652
2014,1400,DEN,John Fox,2514313
2014,1540,DET,Jim Caldwell,2510922
2014,1800,GB,Mike McCarthy,2520528
2014,2120,HOU,Bill O'Brien,2551430
2014,2200,IND,Chuck Pagano,2533231
2014,2250,JAC,Gus Bradley,2540220
2014,2310,KC,Andy Reid,2523926
2014,2700,MIA,Joe Philbin,2523155
2014,3000,MIN,Mike Zimmer,2529660
2014,3200,NE,Bill Belichick,2509331
2014,3300,NO,Sean Payton,2522905
2014,3410,NYG,Tom Coughlin,2512064
2014,3430,NYJ,Rex Ryan,2524749
2014,2520,OAK,Dennis Allen,2533356
2014,3700,PHI,Chip Kelly,2540218
2014,3900,PIT,Mike Tomlin,2527518
2014,4400,SD,Mike McCoy,2542330
2014,4600,SEA,Pete Carroll,2511159
2014,4500,SF,Jim Harbaugh,2515790
2014,2510,STL,Jeff Fisher,2514064
2014,4900,TB,Lovie Smith,2526022
2014,2100,TEN,Ken Whisenhunt,2528625
2014,5110,WAS,Jay Gruden,2539437
2015,3800,ARI,Bruce Arians,2508619
2015,200,ATL,Dan Quinn,2552612
2015,325,BAL,John Harbaugh,2515791
2015,610,BUF,Rex Ryan,2524749
2015,750,CAR,Ron Rivera,2524222
2015,810,CHI,John Fox,2514313
2015,920,CIN,Marvin Lewis,2519463
2015,1050,CLE,Mike Pettine,2551431
2015,1200,DAL,Jason Garrett,2514652
2015,1400,DEN,Gary Kubiak,2518873
2015,1540,DET,Jim Caldwell,2510922
2015,1800,GB,Mike McCarthy,2520528
2015,2120,HOU,Bill O'Brien,2551430
2015,2200,IND,Chuck Pagano,2533231
2015,2250,JAC,Gus Bradley,2540220
2015,2310,KC,Andy Reid,2523926
2015,2700,MIA,Dan Campbell,2554830
2015,3000,MIN,Mike Zimmer,2529660
2015,3200,NE,Bill Belichick,2509331
2015,3300,NO,Sean Payton,2522905
2015,3410,NYG,Tom Coughlin,2512064
2015,3430,NYJ,Todd Bowles,2532231
2015,2520,OAK,Jack Del Rio,2512762
2015,3700,PHI,Chip Kelly,2540218
2015,3900,PIT,Mike Tomlin,2527518
2015,4400,SD,Mike McCoy,2542330
2015,4600,SEA,Pete Carroll,2511159
2015,4500,SF,Jim Tomsula,2527522
2015,2510,STL,Jeff Fisher,2514064
2015,4900,TB,Lovie Smith,2526022
2015,2100,TEN,Ken Whisenhunt,2528625
2015,5110,WAS,Jay Gruden,2539437
2016,3800,ARI,Bruce Arians,2508619
2016,200,ATL,Dan Quinn,2552612
2016,325,BAL,John Harbaugh,2515791
2016,610,BUF,Anthony Lynn,2557832
2016,750,CAR,Ron Rivera,2524222
2016,810,CHI,John Fox,2514313
2016,920,CIN,Marvin Lewis,2519463
2016,1050,CLE,Hue Jackson,2517259
2016,1200,DAL,Jason Garrett,2514652
2016,1400,DEN,Gary Kubiak,2518873
2016,1540,DET,Jim Caldwell,2510922
2016,1800,GB,Mike McCarthy,2520528
2016,2120,HOU,Bill O'Brien,2551430
2016,2200,IND,Chuck Pagano,2533231
2016,2250,JAX,Gus Bradley,2540220
2016,2310,KC,Andy Reid,2523926
2016,2510,LA,John Fassel,2557831
2016,2700,MIA,Adam Gase,2555130
2016,3000,MIN,Mike Zimmer,2529660
2016,3200,NE,Bill Belichick,2509331
2016,3300,NO,Sean Payton,2522905
2016,3410,NYG,Ben McAdoo,2555565
2016,3430,NYJ,Todd Bowles,2532231
2016,2520,OAK,Jack Del Rio,2512762
2016,3700,PHI,Doug Pederson,2555352
2016,3900,PIT,Mike Tomlin,2527518
2016,4400,SD,Mike McCoy,2542330
2016,4600,SEA,Pete Carroll,2511159
2016,4500,SF,Chip Kelly,2540218
2016,4900,TB,Dirk Koetter,2518685
2016,2100,TEN,Mike Mularkey,2521777
2016,5110,WAS,Jay Gruden,2539437
2017,3800,ARI,Bruce Arians,2508619
2017,200,ATL,Dan Quinn,2552612
2017,325,BAL,John Harbaugh,2515791
2017,610,BUF,Sean McDermott,2558028
2017,750,CAR,Ron Rivera,2524222
2017,810,CHI,John Fox,2514313
2017,920,CIN,Marvin Lewis,2519463
2017,1050,CLE,Hue Jackson,2517259
2017,1200,DAL,Jason Garrett,2514652
2017,1400,DEN,Vance Joseph,2558027
2017,1540,DET,Jim Caldwell,2510922
2017,1800,GB,Mike McCarthy,2520528
2017,2120,HOU,Bill O'Brien,2551430
2017,2200,IND,Chuck Pagano,2533231
2017,2250,JAX,Doug Marrone,2520180
2017,2310,KC,Andy Reid,2523926
2017,2510,LA,Sean McVay,2558059
2017,4400,LAC,Anthony Lynn,2557832
2017,2700,MIA,Adam Gase,2555130
2017,3000,MIN,Mike Zimmer,2529660
2017,3200,NE,Bill Belichick,2509331
2017,3300,NO,Sean Payton,2522905
2017,3410,NYG,Ben McAdoo,2555565
2017,3430,NYJ,Todd Bowles,2532231
2017,2520,OAK,Jack Del Rio,2512762
2017,3700,PHI,Doug Pederson,2555352
2017,3900,PIT,Mike Tomlin,2527518
2017,4600,SEA,Pete Carroll,2511159
2017,4500,SF,Kyle Shanahan,2525373
2017,4900,TB,Dirk Koetter,2518685
2017,2100,TEN,Mike Mularkey,2521777
2017,5110,WAS,Jay Gruden,2539437
2018,3800,ARI,Steve Wilks,2560239
2018,200,ATL,Dan Quinn,2552612
2018,325,BAL,John Harbaugh,2515791
2018,610,BUF,Sean McDermott,2558028
2018,750,CAR,Ron Rivera,2524222
2018,810,CHI,Matt Nagy,2559569
2018,920,CIN,Marvin Lewis,2519463
2018,1050,CLE,Hue Jackson,2517259
2018,1200,DAL,Jason Garrett,2514652
2018,1400,DEN,Vance Joseph,2558027
2018,1540,DET,Matt Patricia,2560241
2018,1800,GB,Mike McCarthy,2520528
2018,2120,HOU,Bill O'Brien,2551430
2018,2200,IND,Frank Reich,2560248
2018,2250,JAX,Doug Marrone,2520180
2018,2310,KC,Andy Reid,2523926
2018,2510,LA,Sean McVay,2558059
2018,4400,LAC,Anthony Lynn,2557832
2018,2700,MIA,Adam Gase,2555130
2018,3000,MIN,Mike Zimmer,2529660
2018,3200,NE,Bill Belichick,2509331
2018,3300,NO,Sean Payton,2522905
2018,3410,NYG,Pat Shurmur,2525581
2018,3430,NYJ,Todd Bowles,2532231
2018,2520,OAK,Jon Gruden,2515458
2018,3700,PHI,Doug Pederson,2555352
2018,3900,PIT,Mike Tomlin,2527518
2018,4600,SEA,Pete Carroll,2511159
2018,4500,SF,Kyle Shanahan,2525373
2018,4900,TB,Dirk Koetter,2518685
2018,2100,TEN,Mike Vrabel,2560238
2018,5110,WAS,Jay Gruden,2539437
